X,Y
A,chas
AARU,eqmt
ABFZ,chas
ACCU,eqmt
ACHU,eqmt
ACPZ,chas
ADCR,chas
ADVZ,chas
AECZ,chas
AFIU,eqmt
AFIZ,chas
AGI,chas
AGIL,chas
AGMU,eqmt
AIBG,chas
AIMT,chas
AIMZ,chas
AKLU,eqmt
ALGZ,chas
ALIZ,chas
ALLZ,chas
AMCZ,chas
AMF,chas
AMFU,eqmt
AMLU,eqmt
AMLZ,chas
AMMZ,chas
AMPZ,chas
AMTI,chas
AMXK,chas
AMZG,chas
ANGZ,chas
ANSZ,chas
ANT,chas
APDU,eqmt
APHU,eqmt
APLZ,chas
APMZ,chas
APRU,eqmt
APZU,eqmt
AQCZ,chas
ARDU,eqmt
ARTU,eqmt
AT,chas
ATBZ,chas
ATOI,chas
AURU,eqmt
AVOZ,chas
AWE,chas
AWHZ,chas
AWXU,eqmt
AXCN,chas
AXDZ,chas
AXIU,eqmt
AXXZ,chas
AZTL,chas
BAFU,eqmt
BAYZ,chas
BCRZ,chas
BEAU,eqmt
BEJG,chas
BENZ,chas
BEST,chas
BESZ,chas
BFSZ,chas
BGBU,eqmt
BHCU,eqmt
BKSU,eqmt
BLKU,eqmt
BLKZ,chas
BMOU,eqmt
BMSZ,chas
BNCZ,chas
BNZ,chas
BOCH,chas
BOGZ,chas
BOWZ,chas
BRIZ,chas
BRKU,eqmt
BSBU,eqmt
BSEN,chas
BSIU,eqmt
BTBI,chas
BTNU,eqmt
BTNZ,chas
BTOM,chas
BTSZ,chas
BTVP,chas
BTWZ,chas
BUDZ,chas
BUHS,chas
BXAA,chas
C,chas
CAAU,eqmt
CAEU,eqmt
CAFT,chas
CAIU,eqmt
CAQC,chas
CARU,eqmt
CATZ,chas
CAXU,eqmt
CB,chas
CBDZ,chas
CBHU,eqmt
CBSL,chas
CBSZ,chas
CBXU,eqmt
CBXZ,chas
CC,chas
CCCZ,chas
CCFU,eqmt
CCII,chas
CCLU,eqmt
CCLZ,chas
CCMZ,chas
CCPZ,chas
CCSZ,chas
CCZ,chas
CDCZ,chas
CDDU,eqmt
CDSZ,chas
CDYZ,chas
CELT,chas
CEOU,eqmt
CFRT,chas
CFRZ,chas
CGIU,eqmt
CGMU,eqmt
CGO,chas
CGWZ,chas
CHFZ,chas
CHIZ,chas
CHSU,eqmt
CICU,eqmt
CIGL,chas
CIMC,chas
CIPU,eqmt
CITZ,chas
CJ,chas
CJFZ,chas
CJZ,chas
CKKI,chas
CKKZ,chas
CKLZ,chas
CL,chas
CLFZ,chas
CLGU,eqmt
CLHU,eqmt
CLKU,eqmt
CMAU,eqmt
CMAZ,chas
CMCZ,chas
CMIU,eqmt
CMNU,eqmt
CMPZ,chas
CNCU,eqmt
CNIU,eqmt
COPU,eqmt
COPZ,chas
CORZ,chas
COTM,chas
COZ,chas
CPBU,eqmt
CPGC,chas
CPGN,chas
CPGZ,chas
CPLU,eqmt
CPOD,chas
CPSU,eqmt
CPWU,eqmt
CREU,eqmt
CRG,chas
CRSU,eqmt
CRTU,eqmt
CRXP,chas
CRXU,eqmt
CSAC,chas
CSKU,eqmt
CSLU,eqmt
CSNU,eqmt
CSOA,eqmt
CSOU,eqmt
CSTZ,chas
CSVU,eqmt
CSWZ,chas
CTIZ,chas
CTLZ,chas
CTTZ,chas
CTXU,eqmt
CUBU,eqmt
CULU,eqmt
CWMU,eqmt
CWRZ,chas
CWSU,eqmt
CWSZ,chas
CWWU,eqmt
CXCZ,chas
CXDU,eqmt
CXRU,eqmt
CXSU,eqmt
CXTU,eqmt
CZZU,eqmt
DANA,chas
DAYU,eqmt
DCCP,chas
DCHZ,chas
DCIZ,chas
DCLI,chas
DCLZ,chas
DCNZ,chas
DCSZ,chas
DCTZ,chas
DCYZ,chas
DDDD,chas
DDDU,eqmt
DDGZ,chas
DDLZ,chas
DDMK,chas
DDRZ,chas
DDTZ,chas
DECZ,chas
DEEP,chas
DEEZ,chas
DEL,chas
DEXZ,chas
DFCU,eqmt
DFLZ,chas
DFOU,eqmt
DFSU,eqmt
DHDU,eqmt
DIXZ,chas
DJT,chas
DJUZ,chas
DLLZ,chas
DLTC,chas
DLTZ,chas
DNAZ,chas
DNBZ,chas
DNSZ,chas
DORZ,chas
DRBU,eqmt
DRCZ,chas
DRTZ,chas
DRYU,eqmt
DT,chas
DTI,chas
DTIU,eqmt
DTRG,chas
DTTR,chas
DTXG,chas
DTZ,chas
DVCZ,chas
DVLZ,chas
DVRU,eqmt
ECDU,eqmt
ECMU,eqmt
EFEU,eqmt
EFMZ,chas
EGHU,eqmt
EGSU,eqmt
EGTU,eqmt
EISU,eqmt
EISZ,chas
EITU,eqmt
EJGZ,chas
ELPZ,chas
EMC,chas
EMCU,eqmt
EMCZ,chas
EMHU,eqmt
EMSU,eqmt
EOLU,eqmt
EQPU,eqmt
ETLZ,chas
EURU,eqmt
EVDZ,chas
EVGZ,chas
EVKI,chas
EXCZ,chas
EXFU,eqmt
EXSZ,chas
EYEZ,chas
F,chas
FANU,eqmt
FBAZ,chas
FBIU,eqmt
FBLU,eqmt
FCBU,eqmt
FCGU,eqmt
FCIU,eqmt
FCKQ,chas
FCLU,eqmt
FDAZ,chas
FDCU,eqmt
FDLZ,chas
FDTL,chas
FDXU,chas
FDXU,eqmt
FDXZ,chas
FEDZ,chas
FFAU,eqmt
FFEZ,chas
FFFZ,chas
FGMU,eqmt
FHCZ,chas
FHEZ,chas
FHXZ,chas
FJKU,eqmt
FLAT,chas
FLEZ,chas
FLGZ,chas
FLIP,chas
FLKZ,chas
FLSC,chas
FLTZ,chas
FLXZ,chas
FMBR,chas
FNSZ,chas
FOCZ,chas
FOOZ,chas
FORZ,chas
FRCZ,chas
FREZ,chas
FSCU,eqmt
FTAU,eqmt
FTCZ,chas
FTIZ,chas
FVKZ,chas
FVXZ,chas
FWAZ,chas
FWRU,eqmt
FXLU,eqmt
FYCU,eqmt
FZLZ,chas
G,chas
GACZ,chas
GAOU,eqmt
GARZ,chas
GATU,eqmt
GAVO,chas
GAZU,eqmt
GCEZ,chas
GCXU,eqmt
GDCZ,chas
GDTZ,chas
GDXZ,chas
GECZ,chas
GEOT,chas
GESU,eqmt
GEXZ,chas
GFWD,chas
GIAT,chas
GIPU,eqmt
GISZ,chas
GIXZ,chas
GLCU,eqmt
GLDU,eqmt
GMCU,eqmt
GMXU,eqmt
GNDZ,chas
GNOZ,chas
GPIZ,chas
GPML,chas
GSCZ,chas
GSXU,eqmt
GT,chas
GTJN,chas
GVCU,eqmt
GVTU,eqmt
GW,chas
GWEX,chas
GWLC,chas
HAMU,eqmt
HAPZ,chas
HASU,eqmt
HCIU,eqmt
HCOU,eqmt
HDMU,eqmt
HDMZ,chas
HDST,chas
HESU,eqmt
HFSZ,chas
HGIU,eqmt
HGRU,eqmt
HGTU,eqmt
HGWU,eqmt
HHXU,eqmt
HJCU,eqmt
HJCZ,chas
HJMU,eqmt
HLBU,eqmt
HLIZ,chas
HLMZ,chas
HLXU,eqmt
HMCU,eqmt
HMIZ,chas
HMMU,eqmt
HNIF,chas
HNKU,eqmt
HNSU,eqmt
HOTU,eqmt
HOYU,eqmt
HPCU,eqmt
HPLU,eqmt
HPLZ,chas
HRGZ,chas
HRZU,eqmt
HRZZ,chas
HTAZ,chas
HTCZ,chas
HTNJ,chas
HTNZ,chas
HTPJ,chas
HUBZ,chas
HXIL,chas
HYHZ,chas
HYJU,eqmt
HYUZ,chas
HZNF,chas
HZWI,chas
IBSZ,chas
IBTZ,chas
ICOU,eqmt
ICRC,chas
ICSU,eqmt
ICSZ,chas
IELE,chas
IEPZ,chas
IGTO,chas
IIIZ,chas
IKSU,eqmt
ILTR,chas
ILUU,eqmt
IMCZ,chas
IMPC,chas
IMTG,chas
IMTU,eqmt
INBU,eqmt
INKU,eqmt
INPD,chas
INPZ,chas
INTZ,chas
INYU,eqmt
IPPZ,chas
IPXU,eqmt
IRON,chas
ISOZ,chas
ITAZ,chas
ITBK,chas
ITFZ,chas
ITLZ,chas
ITSZ,chas
IXTZ,chas
IYEP,chas
J,chas
JAYU,eqmt
JBHU,eqmt
JBHZ,chas
JCTD,chas
JDTZ,chas
JEFZ,chas
JEIN,chas
JFEI,chas
JGLZ,chas
JJSZ,chas
JKFK,chas
JRL,chas
JSCU,eqmt
JTAU,eqmt
JTLU,eqmt
JUNO,eqmt
JUTZ,chas
JZ,chas
JZPU,eqmt
K,chas
KAWZ,chas
KCIS,chas
KCP,chas
KCPZ,chas
KCSZ,chas
KDCU,eqmt
KDLU,eqmt
KERZ,chas
KISZ,chas
KITZ,chas
KKFU,eqmt
KKLZ,chas
KKTU,eqmt
KLCB,chas
KLFU,eqmt
KLLU,eqmt
KMTZ,chas
KNGZ,chas
KNIG,chas
KOCU,eqmt
KOLU,eqmt
KPPU,eqmt
KRNZ,chas
KSBU,eqmt
KSEZ,chas
KVC,chas
KVZE,chas
KYSB,chas
KZ,chas
L,chas
LARZ,chas
LBD,chas
LBTZ,chas
LCGU,eqmt
LCRU,eqmt
LDAZ,chas
LDSZ,chas
LETZ,chas
LFSZ,chas
LGMZ,chas
LGNS,chas
LHHM,chas
LIVZ,chas
LIZZ,chas
LLTU,eqmt
LOCZ,chas
LOKZ,chas
LSAZ,chas
LSFZ,chas
LTIU,eqmt
LTSZ,chas
LTXZ,chas
LVNU,eqmt
LWDZ,chas
LWIC,chas
LYGU,eqmt
LYPU,eqmt
LZT,chas
M,chas
MA,chas
MACD,chas
MAEC,chas
MAEU,eqmt
MAGU,eqmt
MARC,chas
MATU,eqmt
MATZ,chas
MAXU,eqmt
MBTA,chas
MBTU,eqmt
MC,chas
MCCU,eqmt
MCCZ,chas
MCHZ,chas
MCKU,eqmt
MCSZ,chas
MCT,chas
MDII,chas
MECZ,chas
MEDU,eqmt
MEDZ,chas
MEQU,eqmt
MEQZ,chas
MGSZ,chas
MGTZ,chas
MHCB,chas
MHFU,chas
MHFU,eqmt
MHKK,chas
MIEU,eqmt
MIPA,chas
MITZ,chas
MJTT,chas
MKRZ,chas
MKTZ,chas
MLCU,eqmt
MLKU,eqmt
MLNU,eqmt
MLNZ,chas
MLTZ,chas
MMPU,eqmt
MMPZ,chas
MNBU,eqmt
MNCZ,chas
MNLU,eqmt
MOAU,eqmt
MOEU,eqmt
MOFU,eqmt
MOFZ,chas
MOLA,chas
MOLZ,chas
MORU,eqmt
MOSU,eqmt
MOSZ,chas
MOTU,eqmt
MRKU,eqmt
MRKZ,chas
MRSU,eqmt
MRTU,eqmt
MSCU,eqmt
MSCZ,chas
MSDU,eqmt
MSKU,eqmt
MSMU,eqmt
MSNU,eqmt
MSPU,eqmt
MSSU,eqmt
MSTZ,chas
MT,chas
MTAZ,chas
MTEZ,chas
MTI,chas
MTLZ,chas
MTRU,eqmt
MTRZ,chas
MTSU,eqmt
MUPZ,chas
MWGZ,chas
MXTZ,chas
MZ,chas
NAPZ,chas
NATZ,chas
NAVZ,chas
NCCU,eqmt
NCRU,eqmt
NDCZ,chas
NDPZ,chas
NDSU,eqmt
NDSV,chas
NEDZ,chas
NEWU,eqmt
NEXU,eqmt
NICA,chas
NIDU,eqmt
NONC,chas
NONO,chas
NONZ,chas
NPCU,eqmt
NPSE,chas
NPSZ,chas
NRAL,chas
NRSU,eqmt
NRSZ,chas
NSFZ,chas
NSIU,eqmt
NSPZ,chas
NTSW,chas
NV,chas
NWLZ,chas
NWRU,eqmt
NYKR,chas
NYKU,eqmt
NYKZ,chas
OCGU,eqmt
OCNU,eqmt
OEDZ,chas
OESZ,chas
OEXN,chas
OEZZ,chas
OFZZ,chas
ONEU,eqmt
OOCU,eqmt
OOCZ,chas
OOLU,eqmt
OOLZ,chas
OPPU,eqmt
OPTU,eqmt
OPTZ,chas
OSXZ,chas
OTPU,eqmt
OTR,chas
OVLU,eqmt
OWLU,eqmt
OWNZ,chas
OWSZ,chas
OXPQ,chas
PAGK,chas
PAHZ,chas
PAIM,chas
PAKZ,chas
PBAZ,chas
PBIZ,chas
PBRZ,chas
PCAZ,chas
PCIK,chas
PCIU,eqmt
PCIZ,chas
PCLZ,chas
PCRP,chas
PCVU,eqmt
PCXZ,chas
PENZ,chas
PFTZ,chas
PGHU,eqmt
PGRU,eqmt
PGTU,eqmt
PHCZ,chas
PHHU,eqmt
PHLU,eqmt
PHWZ,chas
PICD,chas
PIFZ,chas
PLTZ,chas
POCZ,chas
PODC,chas
POLZ,chas
PONU,eqmt
PONZ,chas
POTZ,chas
PPLU,eqmt
PRAT,chas
PREM,chas
PRIU,eqmt
PRIZ,chas
PRSU,eqmt
PRTZ,chas
PRVT,chas
PRZ,chas
PSOQ,chas
PSTC,chas
PSXU,eqmt
PTIZ,chas
PTLZ,chas
PURE,chas
PVCU,eqmt
PVTZ,chas
PWXZ,chas
PXWZ,chas
QCGZ,chas
QFLB,chas
QIBU,eqmt
QNNU,eqmt
QQIU,eqmt
QXLZ,chas
R,chas
RABZ,chas
RANZ,chas
RDCZ,chas
RDWY,chas
RETL,chas
REVZ,chas
REYZ,chas
RFCU,eqmt
RHBQ,chas
RIMC,chas
RJCU,eqmt
RLIZ,chas
RLTU,eqmt
RLTZ,chas
RLUM,chas
RLUP,chas
RLWC,chas
RMCU,eqmt
RMGZ,chas
RMPZ,chas
RMRZ,chas
RNAZ,chas
RNOZ,chas
ROAU,eqmt
RTLZ,chas
RTRZ,chas
RXCU,eqmt
RXS,chas
RXTU,eqmt
SAIU,eqmt
SAT,chas
SAVZ,chas
SBIU,eqmt
SC,chas
SCFR,chas
SCMI,chas
SCMZ,chas
SCPZ,chas
SCTU,eqmt
SCTZ,chas
SDCU,eqmt
SDMU,eqmt
SEAC,chas
SEAZ,chas
SEGU,eqmt
SEKU,chas
SEKU,eqmt
SFTZ,chas
SFZ,chas
SFZZ,chas
SGCU,eqmt
SGRU,eqmt
SHCA,chas
SHCZ,chas
SHKZ,chas
SHPU,eqmt
SIFU,eqmt
SIL,chas
SILR,chas
SIMU,eqmt
SIMZ,chas
SJCU,eqmt
SKIU,eqmt
SKYU,eqmt
SLAY,chas
SLEU,eqmt
SLSU,eqmt
SLSZ,chas
SLTZ,chas
SLZU,eqmt
SMCU,eqmt
SMLU,eqmt
SNBZ,chas
SNCZ,chas
SNEC,chas
SNEU,eqmt
SNKU,eqmt
SNLU,eqmt
SNLZ,chas
SNPU,eqmt
SOMF,chas
SOYZ,chas
SPCR,chas
SPRU,eqmt
SPTZ,chas
SRSZ,chas
SSAZ,chas
SSDS,chas
SSTU,eqmt
STC,chas
STE,chas
STGZ,chas
STLZ,chas
STS,chas
STTU,eqmt
STTZ,chas
SUDU,eqmt
SUPE,chas
SUTU,eqmt
SVTZ,chas
SW,chas
SWFC,chas
SWFZ,chas
SWIC,chas
SWRU,eqmt
SWVV,chas
SZLU,eqmt
TAKZ,chas
TARE,chas
TASU,eqmt
TAXZ,chas
TC,chas
TCAZ,chas
TCIU,eqmt
TCKU,eqmt
TCLU,eqmt
TCLZ,chas
TCNU,eqmt
TCNZ,chas
TCWZ,chas
TDRU,eqmt
TEMU,eqmt
TERZ,chas
TEXU,eqmt
TFIN,chas
TFNZ,chas
TGBU,eqmt
TGCU,eqmt
TGCZ,chas
TGGG,chas
TGHU,eqmt
TGLK,chas
TGSU,eqmt
TGUD,chas
TGUF,chas
TGXU,eqmt
TGZ,chas
THRZ,chas
TIFU,eqmt
TIHU,eqmt
TIIU,eqmt
TIMZ,chas
TITU,eqmt
TJAZ,chas
TJPZ,chas
TLCZ,chas
TLHZ,chas
TLKN,chas
TLKT,chas
TLLU,eqmt
TLLZ,chas
TLNU,eqmt
TLNZ,chas
TLX,chas
TLXZ,chas
TMEZ,chas
TMT,chas
TMX,chas
TNNR,chas
TNPR,chas
TNPZ,chas
TOLU,eqmt
TOLZ,chas
TONZ,chas
TPLZ,chas
TPSZ,chas
TQMG,chas
TRAZ,chas
TRDU,eqmt
TRHU,eqmt
TRIC,chas
TRIU,eqmt
TRL,chas
TRLU,eqmt
TRLZ,chas
TRPZ,chas
TRZZ,chas
TSFZ,chas
TSLU,eqmt
TSLZ,chas
TSNZ,chas
TSPZ,chas
TSSZ,chas
TSXZ,chas
TTLZ,chas
TTMS,chas
TTMZ,chas
TTNU,eqmt
TTSI,chas
TTUG,chas
TWCU,eqmt
TWNZ,chas
TXGU,eqmt
TZ,chas
UACU,eqmt
UAEU,eqmt
UASU,eqmt
UESU,eqmt
UETU,eqmt
UFCC,chas
UFCZ,chas
UFSX,chas
UISZ,chas
UKAZ,chas
ULMD,chas
UMFZ,chas
UMSZ,chas
UMXU,eqmt
UNIZ,chas
UOHZ,chas
UPCZ,chas
UPDZ,chas
UPGF,chas
UPGZ,chas
UPHU,eqmt
UPHZ,chas
UPNZ,chas
UPOZ,chas
UPSC,chas
UPST,chas
UPSU,eqmt
UPSZ,chas
UPTU,eqmt
URFZ,chas
USAU,eqmt
USAZ,chas
USIZ,chas
USMU,eqmt
USVT,chas
UTCU,eqmt
UTHZ,chas
UTI,chas
UWLU,eqmt
UXXU,eqmt
VHLZ,chas
VISN,chas
VPLU,eqmt
VSLU,eqmt
VSPZ,chas
VTGU,eqmt
VTRI,chas
VTZ,chas
WAGU,eqmt
WAMU,eqmt
WBPU,eqmt
WCMZ,chas
WCTZ,chas
WDAS,chas
WEDU,eqmt
WFHU,eqmt
WHAZ,chas
WHHI,chas
WHIZ,chas
WHLZ,chas
WILZ,chas
WJEZ,chas
WMHU,eqmt
WMXU,eqmt
WNGU,eqmt
WSCU,eqmt
WSFZ,chas
WSLU,eqmt
WTX,chas
WWEZ,chas
WWRZ,chas
WWWU,eqmt
XCTZ,chas
XHCU,eqmt
XINU,eqmt
XNOZ,chas
XNPZ,chas
XPOU,eqmt
XPOZ,chas
XTCU,eqmt
XTRA,chas
XYLU,eqmt
XYZZ,chas
YHXU,eqmt
YKIC,chas
YMBZ,chas
YMLU,eqmt
YMLZ,chas
YMMU,eqmt
YMVZ,chas
YOLU,eqmt
YREZ,chas
YZY,chas
ZCSD,chas
ZCSU,eqmt
ZCSZ,chas
ZENU,eqmt
ZIMU,eqmt
ZTRN,chas
ZTRQ,chas
ZXJU,eqmt
